Department,Average Satisfaction
Gastroenterology,2.991393222162453
Neurology,2.952643171806167
Orthopedics,2.982051282051282
Physiotherapy,3.065182829888712
Renal,2.958904109589041
