Department,Average Delay
Gastroenterology,15.981710597095212
Neurology,15.755506607929515
Orthopedics,15.533333333333333
Physiotherapy,15.941706412294648
Renal,15.3896499238965
