Waiting Category,Wait time,Satisfaction
Long,40.6884028064383,2.9993121474755813
Medium,15.46123595505618,2.953370786516854
Short,10.0,3.0778443113772456
